{
    "USDA": {
        "url": "https://api.nal.usda.gov/fdc/v1/foods/list",
        "method": "GET",
        "headers": {},
        "params": {
            "api_key": "${USDA_API_KEY}",
            "pageSize": 50
        },
        "response_format": "json"
    },
    "Edamam": {
        "url": "https://api.edamam.com/api/food-database/v2/parser",
        "method": "GET",
        "headers": {},
        "params": {
            "app_id": "${EDAMAM_API_ID}",
            "app_key": "${EDAMAM_API_KEY}",
            "ingr": "apple"
        },
        "response_format": "json"
    },
    "Spoonacular": {
        "url": "https://api.spoonacular.com/recipes/complexSearch",
        "method": "GET",
        "headers": {},
        "params": {
            "apiKey": "${SPOONACULAR_API_KEY}",
            "query": "chicken",
            "number": 50
        },
        "response_format": "json"
    },
    "CalorieNinjas": {
        "url": "https://api.calorieninjas.com/v1/nutrition",
        "method": "GET",
        "headers": {
            "X-Api-Key": "${CALORIE_NINJAS_API_KEY}"
        },
        "params": {
            "query": "banana"
        },
        "response_format": "json"
    },
    "Kaggle": {
        "keywords": [
            "health",
            "fitness",
            "nutrition",
            "sports",
            "activity",
            "exercise",
            "biomechanics",
            "lifestyle",
            "wellness"
        ],
        "raw_output_dir": "raw_data/kaggle",
        "structured_output_dir": "structured_data/kaggle"
    },
    "OpenFoodFacts": {
        "url": "https://world.openfoodfacts.org/api/v0/product/{barcode}.json",
        "method": "GET",
        "headers": {
            "User-Agent": "${OPENFOODFACTS_USER_AGENT}"
        },
        "params": {},
        "response_format": "json"
    },
    "PubChem": {
        "url": "${PUBCHEM_API_BASE_URL}/compound/name/{compound}/property/MolecularWeight,IsomericSMILES,InChIKey/JSON",
        "method": "GET",
        "headers": {},
        "params": {},
        "response_format": "json"
    },
    "GitHub": {
        "url": "https://api.github.com/repos/{owner}/{repo}",
        "method": "GET",
        "headers": {
            "Authorization": "token ${GITHUB_API_KEY}"
        },
        "params": {},
        "response_format": "json"
    },
    "OpenSim": {
        "data_source": "https://simtk.org/projects/opensim",
        "input_dir": "raw_data/opensim",
        "output_dir": "structured_data/opensim",
        "supported_formats": [".sto", ".mot", ".osim"]
    },
    "ACSM": {
        "data_source": "https://www.acsm.org/",
        "scraping": true,
        "output_dir": "structured_data/acsm",
        "supported_formats": [".html", ".pdf"]
    },
    "NINDS": {
        "data_source": "https://www.ninds.nih.gov/",
        "scraping": true,
        "output_dir": "structured_data/ninds",
        "supported_formats": [".html", ".pdf"]
    }
}
